{
  "Distance": 17.299999237060547,
  "FollowSpeed": 3.1500000953674316,
  "HeightOffset": 5.599999904632568,
  "LookLerp": 0.699999988079071,
  "LookOffset": 8.100000381469727
}
