{
  "Distance": 17.299999237060547,
  "FollowSpeed": 5.199999809265137,
  "HeightOffset": 5.599999904632568,
  "LookLerp": 0.8299999833106995,
  "LookOffset": 8.100000381469727
}
