{
  "ColliderWindows": [
    {
      "duration": 0.10000000149011612,
      "start": 0.36000001430511475
    }
  ],
  "m_AnimSpeed": 5.0,
  "m_ComboEndTime": 0.6499999761581421,
  "m_ComboStartTime": 0.15000000596046448,
  "m_MinComboTransTime": 0.44999998807907104
}
