{
  "SelectBack_0": [
    {
      "Alpha": 1.0,
      "Color": {
        "a": 1.0,
        "x": 1.0,
        "y": 1.0,
        "z": 1.0
      },
      "Disp": {
        "h": 80.0,
        "w": 320.0
      },
      "Pivot": {
        "x": 0.5,
        "y": 0.5
      },
      "Pos": {
        "x": 0.0,
        "y": 0.0,
        "z": -5.0
      },
      "Rotate": {
        "x": 0.0,
        "y": 0.0,
        "z": 0.0
      },
      "Scale": {
        "x": 1.0,
        "y": 1.0,
        "z": 1.0
      }
    }
  ],
  "SelectFrame_0": [
    {
      "Alpha": 1.0,
      "Color": {
        "a": 1.0,
        "x": 1.0,
        "y": 0.0,
        "z": 0.0
      },
      "Disp": {
        "h": 80.0,
        "w": 320.0
      },
      "Pivot": {
        "x": 0.5,
        "y": 0.5
      },
      "Pos": {
        "x": 0.0,
        "y": 0.0,
        "z": -1.0
      },
      "Rotate": {
        "x": 0.0,
        "y": 0.0,
        "z": 0.0
      },
      "Scale": {
        "x": 1.0,
        "y": 1.0,
        "z": 1.0
      }
    }
  ],
  "White_0": [
    {
      "Alpha": 1.0,
      "Color": {
        "a": 1.0,
        "x": 1.0,
        "y": 1.0,
        "z": 1.0
      },
      "Disp": {
        "h": 720.0,
        "w": 1280.0
      },
      "Pivot": {
        "x": 0.5,
        "y": 0.5
      },
      "Pos": {
        "x": -133.19900512695313,
        "y": 0.0,
        "z": 1.0
      },
      "Rotate": {
        "x": 0.0,
        "y": 0.0,
        "z": -1.222000002861023
      },
      "Scale": {
        "x": 0.054999999701976776,
        "y": 0.010999999940395355,
        "z": 1.0
      }
    }
  ],
  "White_1": [
    {
      "Alpha": 1.0,
      "Color": {
        "a": 1.0,
        "x": 1.0,
        "y": 1.0,
        "z": 1.0
      },
      "Disp": {
        "h": 720.0,
        "w": 1280.0
      },
      "Pivot": {
        "x": 0.5,
        "y": 0.5
      },
      "Pos": {
        "x": 17.0,
        "y": -32.0,
        "z": 2.0
      },
      "Rotate": {
        "x": 0.0,
        "y": 0.0,
        "z": 0.0
      },
      "Scale": {
        "x": 0.2199999988079071,
        "y": 0.007000000216066837,
        "z": 1.0
      }
    }
  ],
  "White_2": [
    {
      "Alpha": 1.0,
      "Color": {
        "a": 1.0,
        "x": 1.0,
        "y": 1.0,
        "z": 1.0
      },
      "Disp": {
        "h": 720.0,
        "w": 1280.0
      },
      "Pivot": {
        "x": 0.5,
        "y": 0.5
      },
      "Pos": {
        "x": 132.84800720214844,
        "y": 0.0,
        "z": 3.0
      },
      "Rotate": {
        "x": 0.0,
        "y": 0.0,
        "z": -1.222000002861023
      },
      "Scale": {
        "x": 0.054999999701976776,
        "y": 0.010999999940395355,
        "z": 1.0
      }
    }
  ],
  "White_3": [
    {
      "Alpha": 1.0,
      "Color": {
        "a": 1.0,
        "x": 1.0,
        "y": 1.0,
        "z": 1.0
      },
      "Disp": {
        "h": 720.0,
        "w": 1280.0
      },
      "Pivot": {
        "x": 0.5,
        "y": 0.5
      },
      "Pos": {
        "x": -18.0,
        "y": 31.0,
        "z": 4.0
      },
      "Rotate": {
        "x": 0.0,
        "y": 0.0,
        "z": 0.0
      },
      "Scale": {
        "x": 0.2199999988079071,
        "y": 0.007000000216066837,
        "z": 1.0
      }
    }
  ],
  "ZNode_0": [
    {
      "Alpha": 1.0,
      "Color": {
        "a": 1.0,
        "x": 1.0,
        "y": 1.0,
        "z": 1.0
      },
      "Disp": {
        "h": 10.0,
        "w": 10.0
      },
      "Pivot": {
        "x": 0.5,
        "y": 0.5
      },
      "Pos": {
        "x": -105.0,
        "y": -68.0,
        "z": 1.0
      },
      "Rotate": {
        "x": 0.0,
        "y": 0.0,
        "z": 0.0
      },
      "Scale": {
        "x": 1.0,
        "y": 1.0,
        "z": 1.0
      }
    }
  ],
  "ZNode_1": [
    {
      "Alpha": 1.0,
      "Color": {
        "a": 1.0,
        "x": 1.0,
        "y": 1.0,
        "z": 1.0
      },
      "Disp": {
        "h": 10.0,
        "w": 10.0
      },
      "Pivot": {
        "x": 0.5,
        "y": 0.5
      },
      "Pos": {
        "x": 192.0,
        "y": -31.0,
        "z": 2.0
      },
      "Rotate": {
        "x": 0.0,
        "y": 0.0,
        "z": 0.0
      },
      "Scale": {
        "x": 1.0,
        "y": 1.0,
        "z": 1.0
      }
    }
  ],
  "ZNode_2": [
    {
      "Alpha": 1.0,
      "Color": {
        "a": 1.0,
        "x": 1.0,
        "y": 1.0,
        "z": 1.0
      },
      "Disp": {
        "h": 10.0,
        "w": 10.0
      },
      "Pivot": {
        "x": 0.5,
        "y": 0.5
      },
      "Pos": {
        "x": 112.0,
        "y": 57.0,
        "z": 3.0
      },
      "Rotate": {
        "x": 0.0,
        "y": 0.0,
        "z": 0.0
      },
      "Scale": {
        "x": 1.0,
        "y": 1.0,
        "z": 1.0
      }
    }
  ],
  "ZNode_3": [
    {
      "Alpha": 1.0,
      "Color": {
        "a": 1.0,
        "x": 1.0,
        "y": 1.0,
        "z": 1.0
      },
      "Disp": {
        "h": 10.0,
        "w": 10.0
      },
      "Pivot": {
        "x": 0.5,
        "y": 0.5
      },
      "Pos": {
        "x": -192.0,
        "y": 32.0,
        "z": 4.0
      },
      "Rotate": {
        "x": 0.0,
        "y": 0.0,
        "z": 0.0
      },
      "Scale": {
        "x": 1.0,
        "y": 1.0,
        "z": 1.0
      }
    }
  ]
}
