{
  "AnimSpeeds": {
    "Attack": 5.0960001945495605,
    "Charge": 0.8949999809265137,
    "Exit": 0.9010000228881836
  },
  "ColliderWindows": [
    {
      "BoneName": "boss_Hand_R",
      "duration": 4.859000205993652,
      "justTime": 0.5,
      "offset": [
        0.0,
        0.0,
        -15.0
      ],
      "start": 1.5
    }
  ],
  "MovementWindows": [
    {
      "direction_offset_deg": 180.0,
      "distance": 1.0,
      "duration": 0.4000000059604645,
      "easing": 24,
      "speed": 10.0,
      "start": 1.2000000476837158,
      "use_direction_offset": false
    },
    {
      "direction_offset_deg": 180.0,
      "distance": 0.14000000059604645,
      "duration": 1.0,
      "easing": 0,
      "speed": 10.0,
      "start": 0.0,
      "use_direction_offset": true
    }
  ],
  "m_AttackAmount": 0.0,
  "m_AttackBoneName": "",
  "m_AttackTime": 0.9869999885559082,
  "m_ChargeTime": 1.3109999895095825,
  "m_ColliderHeight": 18.993999481201172,
  "m_ColliderWidth": 13.965999603271484,
  "m_EndTime": 4.859000205993652,
  "m_TransitionOnAnimEnd_Attack": false,
  "m_TransitionOnAnimEnd_Charge": false,
  "m_TransitionOnAnimEnd_Exit": true
}
