{
  "AttackDelay": 2.0,
  "Jump_Cooldown": 2.0,
  "Jump_Enable": true,
  "Jump_Mid_Weight": 10.348241806030273,
  "Jump_Near_Weight": 7.782989025115967,
  "Laser_Cooldown": 5.0,
  "Laser_Enable": false,
  "Laser_Mid_Weight": 16.667076110839844,
  "Laser_Near_Weight": 2.38100004196167,
  "MidRange": 35.0,
  "NearRange": 15.0,
  "RepeatPenalty": 0.25,
  "Shout_Cooldown": 40.0,
  "Shout_Enable": true,
  "Shout_Mid_Weight": 12.393106460571289,
  "Shout_Near_Weight": 3.8159706592559814,
  "Slash_Cooldown": 2.0,
  "Slash_Enable": true,
  "Slash_Mid_Weight": 0.0,
  "Slash_Near_Weight": 19.622915267944336,
  "Spinning_Cooldown": 3.0,
  "Spinning_Enable": true,
  "Spinning_Mid_Weight": 0.0,
  "Spinning_Near_Weight": 62.7553596496582,
  "Stomp_Cooldown": 2.5,
  "Stomp_Enable": true,
  "Stomp_Mid_Weight": 28.12090301513672,
  "Stomp_Near_Weight": 1.787784457206726,
  "Throwing_Cooldown": 10.0,
  "Throwing_Enable": true,
  "Throwing_Mid_Weight": 32.470672607421875,
  "Throwing_Near_Weight": 1.8539907932281494
}
