{
  "AnimSpeeds": {
    "Attack": 5.0960001945495605,
    "Charge": 0.8949999809265137,
    "Exit": 0.9010000228881836
  },
  "ColliderWindows": [
    {
      "BoneName": "boss_Hand_R",
      "duration": 6.052000045776367,
      "start": 0.0
    }
  ],
  "MovementWindows": [
    {
      "duration": 0.4000000059604645,
      "easing": 24,
      "speed": 10.0,
      "start": 1.2000000476837158
    },
    {
      "duration": 1.0,
      "easing": 0,
      "speed": 10.0,
      "start": 0.0
    }
  ],
  "m_AttackAmount": 0.0,
  "m_AttackBoneName": "",
  "m_AttackTime": 0.9869999885559082,
  "m_ChargeTime": 1.3109999895095825,
  "m_ColliderHeight": 0.0,
  "m_ColliderWidth": 0.0,
  "m_EndTime": 4.859000205993652,
  "m_TransitionOnAnimEnd_Attack": false,
  "m_TransitionOnAnimEnd_Charge": false,
  "m_TransitionOnAnimEnd_Exit": true
}
