{
  "Jump_Cooldown": 2.0,
  "Jump_Enable": true,
  "Jump_Mid_Weight": 12.417951583862305,
  "Jump_Near_Weight": 17.489604949951172,
  "RepeatPenalty": 0.25,
  "Shout_Cooldown": 4.0,
  "Shout_Enable": true,
  "Shout_Mid_Weight": 14.87179946899414,
  "Shout_Near_Weight": 8.57508659362793,
  "Slash_Cooldown": 2.0,
  "Slash_Enable": true,
  "Slash_Mid_Weight": 0.0,
  "Slash_Near_Weight": 44.09577941894531,
  "Spinning_Cooldown": 3.0,
  "Spinning_Enable": true,
  "Spinning_Mid_Weight": 0.0,
  "Spinning_Near_Weight": 21.6558837890625,
  "Stomp_Cooldown": 2.5,
  "Stomp_Enable": true,
  "Stomp_Mid_Weight": 33.74524688720703,
  "Stomp_Near_Weight": 4.0174336433410645,
  "Throwing_Cooldown": 2.0,
  "Throwing_Enable": true,
  "Throwing_Mid_Weight": 38.96500015258789,
  "Throwing_Near_Weight": 4.166208744049072
}
